{"task": 0, "acc": 100.0, "avg_acc": 100.0, "forgetting": 0.0, "acc_per_task": [100.0], "bwt": 0.0, "fwt": 0.0}
{"task": 1, "acc": 98.0, "avg_acc": 99.0, "forgetting": 0.0, "acc_per_task": [99.4, 96.6], "bwt": 0.0, "fwt": 99.4}
{"task": 2, "acc": 97.27, "avg_acc": 98.42, "forgetting": 0.3, "acc_per_task": [99.4, 95.8, 96.6], "bwt": -0.2, "fwt": 98.2}
{"task": 3, "acc": 95.1, "avg_acc": 97.59, "forgetting": 1.066667, "acc_per_task": [97.6, 95.8, 93.4, 93.6], "bwt": -0.63, "fwt": 96.9}
{"task": 4, "acc": 91.24, "avg_acc": 96.32, "forgetting": 3.6, "acc_per_task": [95.2, 91.0, 92.6, 93.0, 84.4], "bwt": -1.82, "fwt": 95.32}
{"task": 5, "acc": 88.5, "avg_acc": 95.02, "forgetting": 4.12, "acc_per_task": [94.8, 90.0, 89.0, 92.4, 81.8, 83.0], "bwt": -2.59, "fwt": 93.41}
{"task": 6, "acc": 86.91, "avg_acc": 93.86, "forgetting": 4.366667, "acc_per_task": [94.6, 89.6, 89.0, 91.6, 80.2, 81.6, 81.8], "bwt": -3.1, "fwt": 91.8}
{"task": 7, "acc": 85.58, "avg_acc": 92.82, "forgetting": 5.0, "acc_per_task": [92.2, 88.8, 88.6, 91.6, 79.0, 79.0, 81.0, 84.4], "bwt": -3.57, "fwt": 90.29}
{"task": 8, "acc": 85.98, "avg_acc": 92.06, "forgetting": 5.125, "acc_per_task": [91.0, 87.2, 88.2, 90.6, 78.0, 79.0, 81.0, 84.4, 94.4], "bwt": -3.92, "fwt": 89.09}
{"task": 9, "acc": 84.88, "avg_acc": 91.35, "forgetting": 5.755556, "acc_per_task": [87.8, 86.4, 87.8, 90.6, 75.4, 75.4, 81.0, 84.2, 94.4, 85.8], "bwt": -4.28, "fwt": 88.23}
{"task": 10, "acc": 83.93, "avg_acc": 90.67, "forgetting": 6.52, "acc_per_task": [87.2, 84.2, 82.4, 90.6, 72.8, 73.2, 80.6, 84.4, 94.2, 84.8, 88.8], "bwt": -4.69, "fwt": 87.36}
{"task": 11, "acc": 84.22, "avg_acc": 90.13, "forgetting": 6.363636, "acc_per_task": [87.0, 84.2, 81.8, 90.6, 72.8, 72.8, 80.2, 82.6, 94.2, 84.4, 88.0, 92.0], "bwt": -4.97, "fwt": 86.72}
{"task": 12, "acc": 81.65, "avg_acc": 89.48, "forgetting": 6.35, "acc_per_task": [87.2, 83.8, 81.8, 90.6, 72.0, 73.0, 79.8, 79.4, 93.8, 83.6, 88.2, 91.4, 56.8], "bwt": -5.18, "fwt": 86.26}
{"task": 13, "acc": 81.63, "avg_acc": 88.92, "forgetting": 6.415385, "acc_per_task": [87.0, 83.8, 81.2, 89.8, 71.4, 72.6, 79.6, 77.2, 93.8, 83.4, 87.8, 90.4, 56.2, 88.6], "bwt": -5.36, "fwt": 85.52}
{"task": 14, "acc": 81.57, "avg_acc": 88.43, "forgetting": 6.414286, "acc_per_task": [86.8, 83.0, 80.8, 89.4, 71.4, 72.2, 79.6, 77.4, 90.6, 83.2, 88.0, 90.0, 56.0, 88.2, 87.0], "bwt": -5.5, "fwt": 84.94}
{"task": 15, "acc": 80.97, "avg_acc": 87.96, "forgetting": 6.306667, "acc_per_task": [86.6, 82.8, 80.4, 89.4, 71.6, 70.2, 79.4, 77.8, 90.2, 81.8, 88.0, 90.4, 55.6, 88.0, 86.8, 76.6], "bwt": -5.6, "fwt": 84.48}
{"task": 16, "acc": 80.74, "avg_acc": 87.54, "forgetting": 6.5375, "acc_per_task": [86.6, 82.8, 79.8, 88.8, 71.6, 67.2, 78.4, 77.8, 90.0, 79.4, 87.0, 90.4, 55.8, 87.4, 86.2, 76.6, 86.8], "bwt": -5.71, "fwt": 84.0}
{"task": 17, "acc": 80.51, "avg_acc": 87.15, "forgetting": 6.411765, "acc_per_task": [86.6, 82.6, 80.0, 88.2, 71.4, 67.0, 77.6, 77.8, 89.8, 78.4, 87.0, 90.0, 55.8, 87.2, 85.4, 76.6, 84.0, 83.8], "bwt": -5.79, "fwt": 83.59}
{"task": 18, "acc": 79.99, "avg_acc": 86.77, "forgetting": 7.255556, "acc_per_task": [86.0, 82.0, 80.0, 84.6, 66.0, 64.8, 77.6, 77.6, 87.8, 78.0, 86.4, 90.0, 54.6, 86.8, 85.2, 75.6, 83.6, 83.6, 89.6], "bwt": -5.94, "fwt": 83.15}
{"task": 19, "acc": 79.32, "avg_acc": 86.4, "forgetting": 7.431579, "acc_per_task": [86.0, 82.0, 76.4, 84.6, 66.0, 60.2, 77.2, 77.6, 87.8, 78.0, 86.0, 89.6, 54.8, 87.0, 85.0, 75.6, 83.2, 82.8, 88.8, 77.8], "bwt": -6.09, "fwt": 82.78}
{"last": 79.32, "avg": 86.4}
