{"task": 0, "acc": 86.48, "avg_acc": 86.48, "forgetting": 0.0, "acc_per_task": [86.48], "bwt": 0.0, "fwt": 0.0}
{"task": 1, "acc": 86.13, "avg_acc": 86.31, "forgetting": 0.0, "acc_per_task": [86.46, 79.6], "bwt": 0.0, "fwt": 86.46}
{"task": 2, "acc": 85.47, "avg_acc": 86.03, "forgetting": 0.11, "acc_per_task": [86.26, 79.6, 75.6], "bwt": -0.07, "fwt": 84.11}
{"task": 3, "acc": 84.97, "avg_acc": 85.76, "forgetting": 0.166667, "acc_per_task": [85.98, 79.6, 75.6, 79.6], "bwt": -0.12, "fwt": 82.25}
{"task": 4, "acc": 84.35, "avg_acc": 85.48, "forgetting": 0.175, "acc_per_task": [85.78, 79.6, 75.6, 79.6, 74.0], "bwt": -0.14, "fwt": 81.41}
{"task": 5, "acc": 83.78, "avg_acc": 85.2, "forgetting": 0.184, "acc_per_task": [85.56, 79.2, 76.0, 79.6, 73.6, 74.8], "bwt": -0.16, "fwt": 80.54}
{"task": 6, "acc": 83.34, "avg_acc": 84.93, "forgetting": 0.45, "acc_per_task": [85.38, 77.6, 76.0, 79.6, 74.0, 74.8, 77.2], "bwt": -0.24, "fwt": 79.78}
{"task": 7, "acc": 82.58, "avg_acc": 84.64, "forgetting": 0.862857, "acc_per_task": [85.24, 76.0, 76.0, 79.2, 73.6, 74.4, 75.6, 70.0], "bwt": -0.38, "fwt": 79.12}
{"task": 8, "acc": 82.2, "avg_acc": 84.37, "forgetting": 1.1225, "acc_per_task": [85.1, 76.0, 76.0, 79.2, 73.6, 74.4, 74.4, 69.6, 76.4], "bwt": -0.54, "fwt": 78.44}
{"task": 9, "acc": 81.77, "avg_acc": 84.11, "forgetting": 1.151111, "acc_per_task": [84.92, 75.6, 76.0, 79.2, 73.2, 74.0, 74.4, 70.0, 76.4, 74.0], "bwt": -0.65, "fwt": 77.94}
{"task": 10, "acc": 81.24, "avg_acc": 83.85, "forgetting": 1.092, "acc_per_task": [84.76, 75.6, 75.6, 79.6, 73.2, 74.4, 74.4, 70.0, 75.6, 74.0, 69.6], "bwt": -0.72, "fwt": 77.54}
{"task": 11, "acc": 80.59, "avg_acc": 83.58, "forgetting": 0.987273, "acc_per_task": [84.42, 75.6, 75.6, 79.6, 73.2, 74.4, 74.4, 70.4, 75.2, 74.4, 69.6, 67.6], "bwt": -0.76, "fwt": 77.14}
{"task": 12, "acc": 80.4, "avg_acc": 83.33, "forgetting": 1.025, "acc_per_task": [84.18, 75.6, 75.6, 79.2, 73.6, 74.0, 74.4, 70.4, 75.2, 73.6, 69.6, 67.6, 80.4], "bwt": -0.8, "fwt": 76.72}
{"task": 13, "acc": 80.01, "avg_acc": 83.09, "forgetting": 1.107692, "acc_per_task": [84.08, 76.0, 75.6, 79.2, 73.2, 74.0, 74.4, 70.4, 75.2, 73.2, 68.4, 68.0, 80.4, 70.8], "bwt": -0.83, "fwt": 76.45}
{"task": 14, "acc": 79.91, "avg_acc": 82.88, "forgetting": 1.177143, "acc_per_task": [84.0, 75.6, 75.6, 79.6, 73.2, 74.0, 74.4, 70.4, 74.8, 72.4, 68.4, 67.6, 80.0, 70.8, 80.0], "bwt": -0.86, "fwt": 76.16}
{"task": 15, "acc": 79.43, "avg_acc": 82.67, "forgetting": 1.244, "acc_per_task": [83.82, 75.6, 75.6, 79.6, 73.2, 74.0, 74.4, 70.0, 74.8, 72.0, 68.0, 67.2, 80.0, 70.8, 80.4, 68.0], "bwt": -0.9, "fwt": 75.97}
{"task": 16, "acc": 79.1, "avg_acc": 82.46, "forgetting": 1.45, "acc_per_task": [83.68, 74.8, 75.6, 79.6, 73.2, 74.0, 74.4, 70.0, 74.8, 72.0, 66.0, 67.2, 80.0, 70.4, 78.8, 67.6, 75.6], "bwt": -0.95, "fwt": 75.73}
{"task": 17, "acc": 78.67, "avg_acc": 82.25, "forgetting": 1.602353, "acc_per_task": [83.64, 74.8, 75.6, 79.6, 72.8, 74.0, 74.0, 70.0, 74.8, 72.0, 65.6, 66.8, 79.6, 70.4, 78.0, 67.2, 76.0, 66.8], "bwt": -1.01, "fwt": 75.51}
{"task": 18, "acc": 78.54, "avg_acc": 82.05, "forgetting": 1.631111, "acc_per_task": [83.52, 74.4, 75.6, 79.6, 71.2, 74.0, 74.0, 70.0, 74.8, 72.0, 65.6, 66.8, 79.6, 70.4, 78.0, 67.6, 75.2, 66.4, 78.8], "bwt": -1.06, "fwt": 75.28}
{"task": 19, "acc": 78.0, "avg_acc": 81.85, "forgetting": 1.761053, "acc_per_task": [83.42, 74.4, 75.2, 79.6, 69.2, 74.0, 74.0, 69.6, 74.8, 72.0, 66.0, 66.8, 79.2, 70.4, 78.0, 67.2, 75.2, 66.4, 78.4, 63.2], "bwt": -1.12, "fwt": 75.09}
{"task": 20, "acc": 77.42, "avg_acc": 81.64, "forgetting": 1.801, "acc_per_task": [83.26, 74.8, 75.2, 78.4, 68.8, 74.0, 74.0, 69.6, 74.8, 72.0, 66.0, 66.4, 78.4, 70.4, 78.0, 68.0, 75.2, 66.4, 78.0, 62.8, 60.4], "bwt": -1.17, "fwt": 74.86}
{"last": 77.42, "avg": 81.64}
