{"task": 0, "acc": 100.0, "avg_acc": 100.0, "forgetting": 0.0, "acc_per_task": [100.0], "bwt": 0.0, "fwt": 0.0}
{"task": 1, "acc": 100.0, "avg_acc": 100.0, "forgetting": 0.0, "acc_per_task": [100.0, 100.0], "bwt": 0.0, "fwt": 100.0}
{"task": 2, "acc": 99.33, "avg_acc": 99.78, "forgetting": 0.0, "acc_per_task": [100.0, 100.0, 98.0], "bwt": 0.0, "fwt": 100.0}
{"task": 3, "acc": 99.12, "avg_acc": 99.61, "forgetting": 0.0, "acc_per_task": [100.0, 100.0, 97.0, 99.5], "bwt": 0.0, "fwt": 99.5}
{"task": 4, "acc": 97.8, "avg_acc": 99.25, "forgetting": 0.5, "acc_per_task": [100.0, 100.0, 96.0, 98.5, 94.5], "bwt": -0.2, "fwt": 99.15}
{"task": 5, "acc": 97.25, "avg_acc": 98.92, "forgetting": 0.7, "acc_per_task": [99.5, 100.0, 96.0, 98.5, 93.5, 96.0], "bwt": -0.37, "fwt": 98.6}
{"task": 6, "acc": 96.14, "avg_acc": 98.52, "forgetting": 1.25, "acc_per_task": [99.0, 100.0, 94.5, 97.5, 93.5, 96.0, 92.5], "bwt": -0.62, "fwt": 98.07}
{"task": 7, "acc": 95.62, "avg_acc": 98.16, "forgetting": 1.928571, "acc_per_task": [99.0, 100.0, 88.5, 97.5, 93.5, 96.0, 92.5, 98.0], "bwt": -0.95, "fwt": 97.38}
{"task": 8, "acc": 94.33, "avg_acc": 97.73, "forgetting": 2.375, "acc_per_task": [99.0, 100.0, 88.5, 97.5, 93.5, 96.0, 87.0, 98.0, 89.5], "bwt": -1.26, "fwt": 96.83}
{"task": 9, "acc": 94.45, "avg_acc": 97.41, "forgetting": 2.388889, "acc_per_task": [97.0, 100.0, 89.0, 97.5, 93.5, 95.5, 86.5, 98.0, 89.5, 98.0], "bwt": -1.49, "fwt": 96.28}
{"task": 10, "acc": 92.59, "avg_acc": 96.97, "forgetting": 3.8, "acc_per_task": [97.0, 86.5, 89.0, 97.5, 92.5, 94.5, 85.5, 98.0, 89.5, 98.0, 90.5], "bwt": -1.91, "fwt": 95.65}
{"task": 11, "acc": 92.0, "avg_acc": 96.55, "forgetting": 3.545455, "acc_per_task": [97.0, 86.5, 89.0, 97.5, 92.5, 94.5, 85.5, 97.5, 89.0, 98.0, 90.5, 86.5], "bwt": -2.18, "fwt": 95.12}
{"task": 12, "acc": 90.27, "avg_acc": 96.07, "forgetting": 4.625, "acc_per_task": [97.0, 86.5, 75.5, 97.0, 92.0, 94.0, 84.0, 97.5, 89.0, 98.0, 90.5, 86.5, 86.0], "bwt": -2.56, "fwt": 94.43}
{"task": 13, "acc": 90.07, "avg_acc": 95.64, "forgetting": 4.923077, "acc_per_task": [97.0, 86.5, 75.5, 92.0, 90.0, 94.0, 83.5, 97.5, 89.0, 98.0, 90.0, 86.0, 84.5, 97.5], "bwt": -2.9, "fwt": 93.73}
{"task": 14, "acc": 87.57, "avg_acc": 95.1, "forgetting": 5.0, "acc_per_task": [97.0, 86.5, 74.5, 92.0, 90.0, 94.0, 79.5, 97.5, 89.0, 98.0, 90.5, 86.0, 84.5, 97.5, 57.0], "bwt": -3.18, "fwt": 93.2}
{"task": 15, "acc": 87.53, "avg_acc": 94.63, "forgetting": 4.8, "acc_per_task": [97.0, 86.5, 74.5, 90.5, 90.0, 94.0, 79.5, 97.5, 89.0, 97.5, 90.0, 86.0, 84.5, 98.0, 54.0, 92.0], "bwt": -3.38, "fwt": 92.45}
{"task": 16, "acc": 85.74, "avg_acc": 94.11, "forgetting": 5.25, "acc_per_task": [97.0, 84.0, 74.5, 90.5, 89.0, 94.0, 78.5, 97.0, 88.5, 97.5, 88.5, 85.5, 83.5, 98.0, 53.5, 92.0, 66.0], "bwt": -3.6, "fwt": 91.81}
{"task": 17, "acc": 85.03, "avg_acc": 93.6, "forgetting": 5.117647, "acc_per_task": [97.0, 84.0, 74.5, 90.5, 89.0, 94.5, 78.5, 97.0, 88.5, 97.5, 88.5, 84.0, 82.0, 98.0, 53.5, 92.0, 65.5, 76.0], "bwt": -3.76, "fwt": 91.11}
{"task": 18, "acc": 84.58, "avg_acc": 93.13, "forgetting": 5.25, "acc_per_task": [97.5, 84.0, 72.5, 90.5, 89.0, 94.5, 78.0, 97.0, 88.5, 97.5, 88.5, 83.5, 81.5, 98.0, 50.5, 91.5, 65.0, 75.5, 84.0], "bwt": -3.92, "fwt": 90.43}
{"task": 19, "acc": 84.42, "avg_acc": 92.69, "forgetting": 5.236842, "acc_per_task": [94.5, 84.0, 72.0, 90.5, 89.0, 94.5, 78.0, 97.0, 88.0, 97.5, 88.5, 83.5, 81.0, 98.0, 50.5, 91.5, 65.0, 75.5, 84.0, 86.0], "bwt": -4.05, "fwt": 89.82}
{"task": 20, "acc": 84.93, "avg_acc": 92.32, "forgetting": 5.05, "acc_per_task": [94.5, 83.0, 72.0, 90.5, 89.0, 94.0, 78.0, 97.0, 88.0, 97.5, 88.5, 83.5, 81.0, 98.0, 50.5, 91.5, 65.0, 75.5, 84.0, 86.0, 96.5], "bwt": -4.14, "fwt": 89.3}
{"task": 21, "acc": 85.16, "avg_acc": 92.0, "forgetting": 5.190476, "acc_per_task": [94.5, 81.5, 71.5, 88.5, 89.0, 94.0, 78.0, 97.0, 88.0, 96.5, 87.0, 83.5, 80.5, 98.0, 50.0, 91.0, 65.0, 75.5, 84.0, 86.0, 96.5, 98.0], "bwt": -4.23, "fwt": 88.87}
{"task": 22, "acc": 84.57, "avg_acc": 91.67, "forgetting": 5.636364, "acc_per_task": [94.5, 75.0, 71.0, 88.0, 89.0, 93.5, 78.0, 97.0, 88.0, 96.5, 86.0, 82.5, 80.5, 98.0, 50.0, 91.0, 63.5, 75.5, 84.0, 86.0, 93.0, 98.0, 86.5], "bwt": -4.35, "fwt": 88.48}
{"task": 23, "acc": 84.4, "avg_acc": 91.37, "forgetting": 5.652174, "acc_per_task": [94.5, 75.0, 71.0, 88.0, 89.5, 93.5, 78.5, 97.0, 88.0, 96.5, 81.0, 82.5, 80.0, 98.0, 50.0, 91.0, 63.5, 75.5, 84.0, 86.0, 92.5, 97.0, 86.5, 86.5], "bwt": -4.46, "fwt": 88.14}
{"task": 24, "acc": 83.78, "avg_acc": 91.07, "forgetting": 5.916667, "acc_per_task": [94.5, 75.0, 70.0, 88.0, 89.0, 93.5, 77.5, 97.0, 88.0, 96.5, 81.0, 82.5, 80.5, 97.5, 43.5, 90.0, 63.5, 75.0, 82.5, 86.0, 92.5, 97.0, 86.5, 86.5, 81.0], "bwt": -4.57, "fwt": 87.8}
{"task": 25, "acc": 83.37, "avg_acc": 90.77, "forgetting": 6.08, "acc_per_task": [94.5, 75.0, 67.0, 88.0, 89.0, 93.0, 74.0, 97.0, 88.0, 96.5, 81.0, 82.5, 78.5, 97.5, 43.5, 90.0, 63.5, 74.0, 82.5, 86.0, 92.5, 97.0, 86.5, 86.5, 81.0, 83.0], "bwt": -4.69, "fwt": 87.46}
{"task": 26, "acc": 82.85, "avg_acc": 90.48, "forgetting": 6.673077, "acc_per_task": [93.0, 75.0, 67.0, 88.0, 88.5, 93.0, 73.5, 97.0, 87.5, 96.0, 81.0, 76.0, 76.5, 92.0, 43.0, 89.5, 63.0, 72.5, 82.0, 85.5, 92.5, 97.0, 86.5, 86.5, 81.0, 82.5, 91.5], "bwt": -4.83, "fwt": 87.09}
{"task": 27, "acc": 82.86, "avg_acc": 90.21, "forgetting": 6.574074, "acc_per_task": [93.0, 75.0, 67.0, 88.0, 88.5, 89.5, 73.5, 97.0, 87.5, 96.0, 81.0, 76.0, 76.5, 92.0, 43.0, 89.5, 63.0, 72.5, 82.0, 85.5, 92.5, 97.0, 86.5, 86.5, 81.0, 82.5, 91.5, 86.5], "bwt": -4.96, "fwt": 86.78}
{"task": 28, "acc": 83.24, "avg_acc": 89.97, "forgetting": 6.428571, "acc_per_task": [93.0, 75.0, 67.0, 88.0, 89.0, 89.5, 72.5, 97.0, 87.5, 96.0, 81.0, 76.0, 76.5, 92.0, 43.0, 89.5, 63.0, 72.5, 82.0, 83.5, 92.5, 97.0, 86.5, 86.5, 81.0, 82.5, 91.5, 86.0, 97.0], "bwt": -5.06, "fwt": 86.5}
{"task": 29, "acc": 83.27, "avg_acc": 89.74, "forgetting": 6.396552, "acc_per_task": [93.0, 75.0, 67.0, 88.0, 88.5, 89.5, 73.0, 97.0, 87.5, 96.0, 81.0, 76.5, 76.5, 92.0, 41.0, 88.0, 63.0, 72.5, 81.5, 83.5, 92.0, 96.5, 86.5, 86.5, 80.5, 82.5, 91.5, 86.0, 97.0, 89.0], "bwt": -5.15, "fwt": 86.27}
{"task": 30, "acc": 82.56, "avg_acc": 89.51, "forgetting": 6.25, "acc_per_task": [93.0, 75.0, 66.5, 87.0, 88.5, 89.5, 73.0, 97.0, 87.5, 96.0, 81.0, 76.0, 76.5, 92.0, 40.5, 88.5, 63.0, 72.0, 82.5, 83.5, 92.0, 96.5, 86.5, 86.5, 80.0, 82.5, 91.5, 86.0, 97.0, 87.0, 65.5], "bwt": -5.22, "fwt": 86.07}
{"task": 31, "acc": 81.11, "avg_acc": 89.25, "forgetting": 6.467742, "acc_per_task": [93.0, 75.0, 65.5, 87.0, 88.5, 89.5, 73.0, 97.0, 87.5, 96.0, 80.0, 76.0, 76.5, 92.0, 40.5, 89.0, 63.0, 71.5, 75.0, 83.5, 92.0, 96.0, 86.0, 86.5, 80.0, 82.5, 91.5, 86.0, 97.0, 86.5, 65.0, 47.5], "bwt": -5.29, "fwt": 85.83}
{"task": 32, "acc": 80.48, "avg_acc": 88.98, "forgetting": 6.5625, "acc_per_task": [93.0, 75.0, 64.5, 87.0, 88.5, 89.5, 72.0, 97.0, 84.5, 95.5, 80.0, 74.5, 76.0, 92.0, 40.5, 89.0, 63.0, 71.5, 74.0, 83.5, 92.0, 95.5, 86.0, 86.5, 80.0, 82.0, 91.5, 86.0, 97.0, 87.0, 65.0, 47.5, 69.5], "bwt": -5.37, "fwt": 85.52}
{"task": 33, "acc": 80.38, "avg_acc": 88.73, "forgetting": 6.727273, "acc_per_task": [93.0, 75.0, 64.0, 86.5, 88.5, 89.5, 71.0, 97.0, 84.5, 95.5, 80.0, 74.5, 76.0, 92.0, 38.5, 88.5, 63.0, 71.5, 69.5, 83.5, 92.0, 95.5, 86.5, 86.5, 80.0, 82.0, 91.5, 86.0, 97.0, 86.0, 62.5, 47.5, 69.5, 89.0], "bwt": -5.45, "fwt": 85.21}
{"task": 34, "acc": 80.5, "avg_acc": 88.49, "forgetting": 6.647059, "acc_per_task": [93.0, 75.0, 64.0, 86.5, 88.5, 89.0, 71.0, 97.0, 84.0, 95.5, 80.0, 74.5, 76.0, 92.0, 38.0, 88.5, 63.0, 71.5, 69.5, 83.0, 92.0, 95.5, 86.5, 86.5, 80.0, 81.0, 91.5, 86.0, 96.5, 85.5, 62.5, 47.5, 69.5, 86.5, 91.0], "bwt": -5.52, "fwt": 84.92}
{"task": 35, "acc": 80.54, "avg_acc": 88.27, "forgetting": 6.642857,