{"task": 0, "acc": 94.82, "avg_acc": 94.82, "forgetting": 0.0, "acc_per_task": [94.82], "bwt": 0.0, "fwt": 0.0}
{"task": 1, "acc": 92.41, "avg_acc": 93.62, "forgetting": 0.0, "acc_per_task": [93.21, 91.75], "bwt": 0.0, "fwt": 93.21}
{"task": 2, "acc": 90.83, "avg_acc": 92.69, "forgetting": 1.339286, "acc_per_task": [92.14, 90.43, 89.83], "bwt": -0.89, "fwt": 91.93}
{"task": 3, "acc": 88.54, "avg_acc": 91.65, "forgetting": 2.420839, "acc_per_task": [90.36, 88.95, 88.74, 86.17], "bwt": -1.66, "fwt": 90.64}
{"task": 4, "acc": 86.61, "avg_acc": 90.64, "forgetting": 3.38223, "acc_per_task": [88.75, 86.89, 87.23, 84.15, 86.2], "bwt": -2.35, "fwt": 89.09}
{"task": 5, "acc": 85.64, "avg_acc": 89.81, "forgetting": 4.23416, "acc_per_task": [87.32, 85.57, 85.71, 82.8, 84.8, 87.52], "bwt": -2.98, "fwt": 87.8}
{"task": 6, "acc": 84.7, "avg_acc": 89.08, "forgetting": 4.844411, "acc_per_task": [85.71, 84.83, 84.85, 81.11, 83.2, 87.2, 85.53], "bwt": -3.51, "fwt": 86.86}
{"task": 7, "acc": 82.71, "avg_acc": 88.28, "forgetting": 5.971271, "acc_per_task": [84.11, 83.21, 83.12, 78.41, 81.6, 84.04, 84.96, 81.87], "bwt": -4.13, "fwt": 85.84}
{"task": 8, "acc": 81.87, "avg_acc": 87.57, "forgetting": 6.562081, "acc_per_task": [83.39, 82.47, 80.95, 73.52, 81.6, 83.41, 83.97, 81.22, 86.43], "bwt": -4.67, "fwt": 84.83}
{"task": 9, "acc": 80.95, "avg_acc": 86.91, "forgetting": 6.598309, "acc_per_task": [82.68, 81.59, 80.09, 72.68, 80.4, 82.62, 83.55, 80.7, 85.63, 79.5], "bwt": -5.05, "fwt": 84.09}
{"last": 80.95, "avg": 86.91}
