{"task": 0, "acc": 88.42, "avg_acc": 88.42, "forgetting": 0.0, "acc_per_task": [97.09, 79.4, 79.6, 87.4, 78.0, 75.6, 73.4, 87.0, 77.6, 86.0, 77.4, 82.2, 76.6, 76.6], "bwt": 0.0, "fwt": 0.0}
{"task": 1, "acc": 85.68, "avg_acc": 87.05, "forgetting": 0.0, "acc_per_task": [93.78, 98.2, 83.6, 68.8, 72.2, 72.4, 70.2, 85.2, 73.4, 91.0, 75.0, 75.8, 70.8, 71.8], "bwt": 0.0, "fwt": 93.78}
{"task": 2, "acc": 84.54, "avg_acc": 86.21, "forgetting": 3.3, "acc_per_task": [90.49, 94.2, 94.8, 63.8, 75.2, 70.0, 72.8, 86.0, 69.4, 90.4, 77.4, 79.8, 76.2, 71.6], "bwt": -2.2, "fwt": 92.83}
{"task": 3, "acc": 87.09, "avg_acc": 86.43, "forgetting": 3.287179, "acc_per_task": [91.83, 93.6, 92.0, 94.0, 74.6, 69.4, 76.4, 91.8, 73.6, 87.8, 75.6, 81.6, 86.4, 73.8], "bwt": -2.74, "fwt": 92.65}
{"task": 4, "acc": 87.06, "avg_acc": 86.56, "forgetting": 4.226923, "acc_per_task": [90.38, 93.8, 89.0, 88.4, 91.0, 73.2, 75.0, 90.0, 78.0, 88.4, 77.2, 82.8, 88.6, 73.2], "bwt": -3.34, "fwt": 91.75}
{"task": 5, "acc": 87.49, "avg_acc": 86.71, "forgetting": 4.372308, "acc_per_task": [90.43, 93.0, 88.2, 90.6, 88.8, 83.4, 75.8, 88.6, 77.6, 90.4, 76.6, 82.8, 87.0, 76.4], "bwt": -3.68, "fwt": 91.23}
{"task": 6, "acc": 86.57, "avg_acc": 86.69, "forgetting": 6.312821, "acc_per_task": [89.02, 92.6, 87.0, 84.6, 84.0, 84.0, 89.4, 87.4, 77.8, 91.0, 76.4, 81.8, 83.2, 74.4], "bwt": -4.43, "fwt": 89.99}
{"task": 7, "acc": 86.75, "avg_acc": 86.7, "forgetting": 5.081319, "acc_per_task": [88.92, 92.6, 83.6, 90.8, 83.8, 83.2, 84.4, 93.2, 77.0, 91.0, 75.8, 83.6, 86.0, 74.4], "bwt": -4.6, "fwt": 89.18}
{"task": 8, "acc": 86.43, "avg_acc": 86.67, "forgetting": 5.486538, "acc_per_task": [88.2, 93.8, 82.0, 88.4, 84.8, 82.8, 84.6, 91.8, 85.4, 89.4, 77.6, 81.6, 84.4, 74.0], "bwt": -4.78, "fwt": 88.71}
{"task": 9, "acc": 86.67, "avg_acc": 86.67, "forgetting": 4.957265, "acc_per_task": [88.28, 92.8, 84.0, 86.2, 84.4, 83.6, 86.8, 91.0, 84.6, 93.6, 78.6, 81.2, 83.4, 75.6], "bwt": -4.8, "fwt": 88.34}
{"task": 10, "acc": 85.65, "avg_acc": 86.58, "forgetting": 5.086154, "acc_per_task": [86.63, 92.8, 84.2, 83.2, 82.8, 83.2, 87.2, 90.6, 85.6, 93.2, 81.4, 79.6, 81.6, 75.4], "bwt": -4.84, "fwt": 88.08}
{"task": 11, "acc": 86.32, "avg_acc": 86.56, "forgetting": 5.092308, "acc_per_task": [87.48, 89.8, 83.2, 84.6, 83.4, 84.2, 85.4, 91.8, 82.0, 92.8, 81.0, 87.6, 85.6, 75.8], "bwt": -4.87, "fwt": 87.73}
{"task": 12, "acc": 86.61, "avg_acc": 86.56, "forgetting": 4.753846, "acc_per_task": [87.45, 90.6, 82.0, 86.8, 84.6, 83.6, 84.4, 92.2, 80.6, 92.2, 80.8, 88.8, 91.8, 76.6], "bwt": -4.84, "fwt": 87.49}
{"task": 13, "acc": 86.99, "avg_acc": 86.59, "forgetting": 4.192899, "acc_per_task": [87.58, 88.8, 81.8, 87.4, 85.2, 84.0, 85.2, 92.4, 79.8, 92.4, 81.0, 90.0, 92.8, 82.4], "bwt": -4.74, "fwt": 87.39}
{"last": 86.99, "avg": 86.59}
