{"task": 0, "acc": 88.42, "avg_acc": 88.42, "forgetting": 0.0, "acc_per_task": [97.09, 81.46, 79.62, 79.54, 78.85, 79.31], "bwt": 0.0, "fwt": 0.0}
{"task": 1, "acc": 89.22, "avg_acc": 88.82, "forgetting": 0.0, "acc_per_task": [95.23, 97.85, 76.62, 76.85, 81.92, 82.77], "bwt": 0.0, "fwt": 95.23}
{"task": 2, "acc": 89.35, "avg_acc": 89.0, "forgetting": 2.446154, "acc_per_task": [92.2, 95.15, 93.62, 79.92, 80.54, 83.31], "bwt": -1.63, "fwt": 94.19}
{"task": 3, "acc": 89.11, "avg_acc": 89.02, "forgetting": 4.174359, "acc_per_task": [90.65, 91.77, 92.38, 92.0, 80.15, 81.54], "bwt": -2.9, "fwt": 92.9}
{"task": 4, "acc": 89.37, "avg_acc": 89.09, "forgetting": 4.876923, "acc_per_task": [89.35, 89.77, 89.92, 92.31, 90.46, 84.46], "bwt": -3.69, "fwt": 91.87}
{"task": 5, "acc": 89.49, "avg_acc": 89.16, "forgetting": 4.356923, "acc_per_task": [89.15, 88.23, 90.38, 91.0, 88.54, 91.0], "bwt": -3.91, "fwt": 91.07}
{"last": 89.49, "avg": 89.16}