{"task": 0, "acc": 84.98, "avg_acc": 84.98, "forgetting": 0.0, "acc_per_task": [96.05, 90.0, 57.0, 57.75, 68.5, 88.0, 65.75, 67.25, 93.5, 91.25, 61.25, 64.5, 95.0, 91.5, 62.25, 55.0], "bwt": 0.0, "fwt": 0.0}
{"task": 1, "acc": 82.97, "avg_acc": 83.97, "forgetting": 0.0, "acc_per_task": [93.87, 99.25, 52.5, 54.25, 70.5, 91.5, 66.5, 62.0, 88.25, 87.0, 56.5, 63.25, 92.0, 88.0, 61.5, 48.0], "bwt": 0.0, "fwt": 93.87}
{"task": 2, "acc": 81.01, "avg_acc": 82.98, "forgetting": 3.308333, "acc_per_task": [89.43, 98.25, 91.25, 51.5, 64.0, 95.25, 64.75, 47.75, 88.75, 94.25, 54.0, 60.0, 89.5, 88.75, 56.25, 44.5], "bwt": -2.21, "fwt": 93.85}
{"task": 3, "acc": 84.28, "avg_acc": 83.31, "forgetting": 2.516667, "acc_per_task": [89.75, 98.0, 85.25, 92.0, 57.5, 95.0, 68.0, 72.75, 88.75, 93.75, 62.5, 70.0, 90.0, 89.0, 72.25, 47.5], "bwt": -2.36, "fwt": 92.42}
{"task": 4, "acc": 84.74, "avg_acc": 83.6, "forgetting": 5.816667, "acc_per_task": [88.78, 97.75, 76.75, 87.0, 90.5, 93.75, 66.75, 75.25, 89.5, 91.75, 58.25, 78.25, 91.25, 86.75, 70.5, 56.5], "bwt": -3.74, "fwt": 90.48}
{"task": 5, "acc": 82.68, "avg_acc": 83.44, "forgetting": 6.983333, "acc_per_task": [86.88, 98.0, 77.25, 81.5, 85.75, 97.25, 64.0, 72.25, 83.75, 92.0, 56.0, 76.5, 88.25, 86.25, 68.5, 50.0], "bwt": -4.82, "fwt": 88.95}
{"task": 6, "acc": 83.09, "avg_acc": 83.39, "forgetting": 7.85, "acc_per_task": [86.2, 97.75, 81.0, 76.0, 81.0, 97.0, 84.5, 65.0, 83.75, 93.5, 65.0, 73.5, 88.75, 91.5, 73.5, 48.0], "bwt": -5.69, "fwt": 88.25}
{"task": 7, "acc": 84.27, "avg_acc": 83.5, "forgetting": 6.295238, "acc_per_task": [86.73, 97.0, 74.75, 83.75, 83.25, 96.75, 80.75, 84.0, 86.25, 93.25, 64.25, 79.5, 88.25, 90.75, 73.0, 51.5], "bwt": -5.84, "fwt": 87.72}
{"task": 8, "acc": 83.67, "avg_acc": 83.52, "forgetting": 7.225, "acc_per_task": [86.0, 96.25, 71.5, 79.75, 86.0, 96.5, 77.0, 80.25, 95.5, 92.0, 61.75, 82.0, 92.75, 89.25, 70.75, 48.75], "bwt": -6.15, "fwt": 86.93}
{"task": 9, "acc": 82.32, "avg_acc": 83.4, "forgetting": 7.748148, "acc_per_task": [84.07, 97.25, 71.5, 75.5, 84.75, 97.25, 76.5, 78.25, 93.25, 97.5, 59.75, 81.0, 90.5, 90.5, 68.5, 46.75], "bwt": -6.47, "fwt": 86.39}
{"task": 10, "acc": 82.27, "avg_acc": 83.3, "forgetting": 7.58, "acc_per_task": [83.5, 96.5, 74.75, 76.75, 79.75, 97.25, 78.25, 74.5, 93.25, 96.25, 76.5, 77.0, 90.5, 89.0, 70.0, 45.25], "bwt": -6.67, "fwt": 86.15}
{"task": 11, "acc": 82.13, "avg_acc": 83.2, "forgetting": 7.106061, "acc_per_task": [83.13, 96.25, 70.25, 78.5, 82.0, 96.75, 76.25, 77.25, 93.5, 95.75, 67.5, 90.75, 90.25, 87.5, 67.0, 47.5], "bwt": -6.74, "fwt": 85.69}
{"task": 12, "acc": 81.47, "avg_acc": 83.07, "forgetting": 7.954167, "acc_per_task": [82.6, 95.75, 70.5, 76.5, 81.0, 96.25, 74.5, 76.75, 95.75, 94.0, 65.25, 89.25, 93.25, 86.5, 66.25, 43.5], "bwt": -6.93, "fwt": 85.3}
{"task": 13, "acc": 81.27, "avg_acc": 82.94, "forgetting": 7.801282, "acc_per_task": [82.38, 96.25, 71.5, 76.5, 79.75, 96.25, 76.75, 73.5, 93.75, 95.75, 64.0, 87.25, 92.5, 92.25, 63.75, 42.75], "bwt": -7.05, "fwt": 85.05}
{"task": 14, "acc": 81.92, "avg_acc": 82.87, "forgetting": 6.580952, "acc_per_task": [82.67, 96.25, 71.25, 80.5, 78.25, 96.25, 79.25, 75.5, 93.75, 96.0, 69.25, 85.25, 92.25, 91.25, 71.75, 41.0], "bwt": -6.99, "fwt": 85.02}
{"task": 15, "acc": 82.19, "avg_acc": 82.83, "forgetting": 6.412222, "acc_per_task": [82.62, 95.75, 70.0, 78.75, 82.25, 96.25, 76.75, 76.5, 94.5, 95.25, 65.0, 89.25, 92.0, 89.75, 69.75, 54.75], "bwt": -6.91, "fwt": 84.85}
{"last": 82.19, "avg": 82.83}