{"task": 0, "acc": 84.07, "avg_acc": 84.07, "forgetting": 0.0, "acc_per_task": [96.0, 73.47, 55.33, 85.87, 64.27, 87.6, 62.4, 92.13, 56.0], "bwt": 0.0, "fwt": 0.0}
{"task": 1, "acc": 80.69, "avg_acc": 82.38, "forgetting": 0.0, "acc_per_task": [90.75, 97.33, 48.8, 89.73, 48.27, 94.8, 51.2, 90.53, 44.4], "bwt": 0.0, "fwt": 90.75}
{"task": 2, "acc": 86.62, "avg_acc": 83.79, "forgetting": 2.216667, "acc_per_task": [91.57, 95.07, 88.27, 89.47, 68.0, 92.67, 67.2, 90.0, 62.67], "bwt": -1.48, "fwt": 92.46}
{"task": 3, "acc": 81.98, "avg_acc": 83.34, "forgetting": 4.716667, "acc_per_task": [86.12, 93.07, 74.93, 95.07, 56.67, 96.4, 59.33, 92.53, 54.8], "bwt": -3.1, "fwt": 88.58}
{"task": 4, "acc": 84.85, "avg_acc": 83.64, "forgetting": 5.825, "acc_per_task": [87.23, 90.13, 80.93, 93.07, 82.13, 94.8, 67.6, 92.0, 59.07], "bwt": -4.19, "fwt": 88.29}
{"task": 5, "acc": 81.2, "avg_acc": 83.23, "forgetting": 7.293333, "acc_per_task": [83.27, 92.4, 71.07, 93.47, 69.87, 97.6, 62.67, 91.2, 54.8], "bwt": -5.22, "fwt": 86.2}
{"task": 6, "acc": 83.05, "avg_acc": 83.21, "forgetting": 6.266667, "acc_per_task": [83.6, 89.6, 77.47, 92.4, 78.13, 97.33, 80.13, 90.93, 54.0], "bwt": -5.52, "fwt": 86.26}
{"task": 7, "acc": 80.88, "avg_acc": 82.92, "forgetting": 7.297619, "acc_per_task": [81.18, 91.33, 70.53, 92.8, 71.47, 98.0, 74.4, 95.07, 50.93], "bwt": -5.97, "fwt": 85.4}
{"task": 8, "acc": 83.16, "avg_acc": 82.94, "forgetting": 5.466667, "acc_per_task": [82.53, 90.27, 76.67, 92.13, 76.27, 97.47, 77.47, 94.93, 65.07], "bwt": -5.85, "fwt": 85.53}
{"last": 83.16, "avg": 82.94}