{"task": 0, "acc": 88.42, "avg_acc": 88.42, "forgetting": 0.0, "acc_per_task": [97.09, 77.38, 85.54, 80.31, 78.92, 71.54, 87.54, 83.38, 74.31, 78.15, 80.46], "bwt": 0.0, "fwt": 0.0}
{"task": 1, "acc": 87.08, "avg_acc": 87.75, "forgetting": 0.0, "acc_per_task": [94.4, 98.0, 82.15, 78.46, 76.77, 68.77, 81.54, 89.38, 70.31, 75.38, 76.92], "bwt": 0.0, "fwt": 94.4}
{"task": 2, "acc": 87.63, "avg_acc": 87.71, "forgetting": 2.169231, "acc_per_task": [92.75, 91.69, 96.46, 78.31, 75.85, 74.15, 80.62, 88.77, 73.23, 86.77, 79.23], "bwt": -1.45, "fwt": 92.95}
{"task": 3, "acc": 87.93, "avg_acc": 87.77, "forgetting": 4.251282, "acc_per_task": [91.11, 91.23, 94.46, 95.54, 80.31, 74.15, 86.0, 88.0, 72.15, 88.62, 77.08], "bwt": -2.85, "fwt": 92.61}
{"task": 4, "acc": 87.58, "avg_acc": 87.73, "forgetting": 4.515385, "acc_per_task": [89.8, 87.85, 95.85, 93.08, 89.85, 75.08, 86.92, 86.0, 73.08, 86.92, 79.08], "bwt": -3.52, "fwt": 92.22}
{"task": 5, "acc": 87.19, "avg_acc": 87.64, "forgetting": 5.48, "acc_per_task": [88.92, 86.62, 93.85, 90.31, 88.77, 86.31, 85.23, 86.46, 72.77, 85.85, 78.46], "bwt": -4.17, "fwt": 91.38}
{"task": 6, "acc": 86.74, "avg_acc": 87.51, "forgetting": 5.579487, "acc_per_task": [88.23, 84.62, 91.38, 89.85, 89.38, 84.77, 91.08, 84.92, 73.85, 83.85, 78.77], "bwt": -4.57, "fwt": 90.42}
{"task": 7, "acc": 86.85, "avg_acc": 87.43, "forgetting": 5.351648, "acc_per_task": [88.09, 86.0, 89.08, 89.85, 89.38, 83.38, 91.54, 92.92, 71.69, 83.38, 78.92], "bwt": -4.77, "fwt": 89.87}
{"task": 8, "acc": 86.98, "avg_acc": 87.38, "forgetting": 4.942308, "acc_per_task": [87.55, 86.46, 88.15, 89.69, 87.08, 84.62, 91.23, 91.38, 78.0, 87.85, 79.69], "bwt": -4.81, "fwt": 89.51}
{"task": 9, "acc": 87.25, "avg_acc": 87.37, "forgetting": 4.965812, "acc_per_task": [87.78, 82.92, 88.62, 91.69, 87.69, 84.31, 88.77, 91.23, 79.38, 93.38, 79.23], "bwt": -4.83, "fwt": 89.0}
{"task": 10, "acc": 87.38, "avg_acc": 87.37, "forgetting": 4.693846, "acc_per_task": [87.69, 82.31, 88.15, 90.92, 87.85, 85.38, 87.85, 90.0, 78.62, 93.85, 85.85], "bwt": -4.8, "fwt": 88.68}
{"last": 87.38, "avg": 87.37}