{"task": 0, "acc": 86.48, "avg_acc": 86.48, "forgetting": 0.0, "acc_per_task": [86.48], "bwt": 0.0, "fwt": 0.0}
{"task": 1, "acc": 85.58, "avg_acc": 86.03, "forgetting": 0.0, "acc_per_task": [86.26, 78.8], "bwt": 0.0, "fwt": 86.26}
{"task": 2, "acc": 84.48, "avg_acc": 85.52, "forgetting": 0.43, "acc_per_task": [85.62, 79.6, 78.0], "bwt": -0.29, "fwt": 83.83}
{"task": 3, "acc": 83.69, "avg_acc": 85.06, "forgetting": 0.246667, "acc_per_task": [85.14, 79.4, 77.8, 79.4], "bwt": -0.27, "fwt": 82.3}
{"task": 4, "acc": 82.64, "avg_acc": 84.58, "forgetting": 0.63, "acc_per_task": [84.76, 79.2, 77.6, 77.6, 75.0], "bwt": -0.33, "fwt": 81.3}
{"task": 5, "acc": 81.72, "avg_acc": 84.1, "forgetting": 1.056, "acc_per_task": [84.4, 79.0, 77.4, 77.4, 75.0, 73.0], "bwt": -0.52, "fwt": 80.41}
{"task": 6, "acc": 80.85, "avg_acc": 83.64, "forgetting": 1.106667, "acc_per_task": [83.64, 79.0, 77.4, 77.0, 74.8, 71.2, 77.8], "bwt": -0.65, "fwt": 79.49}
{"task": 7, "acc": 80.49, "avg_acc": 83.24, "forgetting": 1.588571, "acc_per_task": [83.36, 78.8, 77.0, 77.0, 74.6, 69.6, 77.6, 80.2], "bwt": -0.86, "fwt": 78.83}
{"task": 8, "acc": 79.77, "avg_acc": 82.86, "forgetting": 1.9025, "acc_per_task": [83.06, 78.2, 76.8, 76.6, 73.8, 68.4, 77.2, 79.6, 74.6], "bwt": -1.07, "fwt": 78.36}
{"task": 9, "acc": 79.42, "avg_acc": 82.51, "forgetting": 2.131111, "acc_per_task": [82.7, 77.6, 76.0, 76.2, 73.8, 68.2, 76.6, 79.2, 74.6, 79.8], "bwt": -1.26, "fwt": 77.91}
{"task": 10, "acc": 78.31, "avg_acc": 82.13, "forgetting": 2.274, "acc_per_task": [82.34, 77.4, 74.6, 76.2, 73.6, 68.0, 75.6, 79.2, 74.4, 79.8, 64.0], "bwt": -1.43, "fwt": 77.58}
{"last": 78.31, "avg": 82.13}
